Categorie,Nom Produit,Prix
CAROTTE,CAROTTE ROUGE DE SAINT VALERY,"1,80 €"
CAROTTE,BIO CAROTTE TOUCHON,"2,10 €"
CAROTTE,BIO CAROTTE NANTAISE,"2,00 €"
CAROTTE,CAROTTE RONDE MARCHÉ DE PARIS,"1,80 €"
CAROTTE,CAROTTE TOUCHON,"1,90 €"
CAROTTE,CAROTTE ATOMIC RED,"2,90 €"
CAROTTE,BIO CAROTTE ROUGE SANG,"2,20 €"
CAROTTE,BIO CAROTTE BLANCHE DE...,"2,40 €"
CAROTTE,BIO CAROTTE RONDE MARCHÉ DE...,"2,30 €"
CAROTTE,CAROTTE SUCREE D'AMSTERDAM,"1,80 €"
CAROTTE,CAROTTE JAUNE DU DOUBS,"2,00 €"
CAROTTE,CAROTTE CHANTENAY A COEUR...,"1,80 €"
CAROTTE,CAROTTE NANTAISE,"1,81 €"
CAROTTE,BIO CAROTTE MÉLANGE COULEURS,"2,51 €"
CAROTTE,CAROTTE NOIRE PASTENAGA NEGRA,"2,00 €"
CAROTTE,BIO CAROTTE DE COLMAR FLAKKEE,"1,95 €"
CAROTTE,BIO CAROTTE SUCREE D'AMSTERDAM,"2,10 €"
CAROTTE,BIO CAROTTE KURODA,"1,95 €"
CAROTTE,CAROTTE KURODA,"1,80 €"
CAROTTE,CAROTTE DE COLMAR FLAKKEE 2,"1,80 €"
CAROTTE,CAROTTE LITTLE FINGER,"2,40 €"
CAROTTE,BIO CAROTTE BERLICUM,"2,00 €"
CAROTTE,CAROTTE BERLICUM 2,"1,90 €"
CAROTTE,BIO CAROTTE JAUNE DU DOUBS,"2,20 €"
TOMATE,BIO TOMATE PINK TIGER,"2,00 €"
TOMATE,BIO TOMATE GREEN TIGER,"2,00 €"
TOMATE,BIO TOMATE DE BERAO,"2,00 €"
TOMATE,BIO TOMATE PURPLE BUMBLE BEE,"2,00 €"
TOMATE,BIO TOMATE PINK BUMBLE BEE,"2,00 €"
TOMATE,BIO TOMATE RUSSE ROSE,"2,00 €"
TOMATE,BIO TOMATE DOROTHY GREEN,"2,00 €"
TOMATE,BIO TOMATE ROYALE DES GUINEAUX,"2,00 €"
TOMATE,BIO TOMATE MATINA,"2,00 €"
TOMATE,BIO TOMATE PONDEROSA ROSE,"2,00 €"
TOMATE,BIO TOMATE INDIGO ROSE,"2,00 €"
TOMATE,TOMATE PRINCIPE BORGHESE,"1,80 €"
TOMATE,TOMATE CREAM SAUSAGE,"1,90 €"
TOMATE,BIO TOMATE RUSSE ROUGE,"2,00 €"
TOMATE,BIO TOMATE CERISE ROUGE,"2,00 €"
TOMATE,TOMATE SAINT PIERRE,"1,80 €"
TOMATE,BIO TOMATE GREGORI ALTAÏ,"2,00 €"
TOMATE,BIO TOMATE PRUNE ROUGE,"2,00 €"
TOMATE,BIO TOMATE MIEL du MEXIQUE,"2,00 €"
TOMATE,BIO TOMATE BLACK CHERRY,"2,00 €"
TOMATE,TOMATE BANANA LEGS,"1,90 €"
TOMATE,TOMATE TINY TIM,"2,00 €"
TOMATE,TOMATE ROMA,"1,70 €"
TOMATE,BIO TOMATE HILLBILLY,"2,00 €"
TOMATE,BIO TOMATE JAPANESE BLACK...,"2,00 €"
TOMATE,BIO TOMATE GREEN SAUSAGE,"2,00 €"
TOMATE,BIO TOMATE GEANTE BELGE ROSE,"2,00 €"
TOMATE,BIO TOMATE VINTAGE WINE,"2,00 €"
TOMATE,BIO TOMATE CHOCOLATE STRIPES,"2,00 €"
TOMATE,BIO TOMATE OMARS LEBANESE,"2,20 €"
TOMATE,BIO TOMATE COEUR DE BOEUF ROSE,"2,00 €"
TOMATE,TOMATE STRIPED STUFFER,"2,00 €"
TOMATE,BIO TOMATE BANANA LEGS,"2,00 €"
TOMATE,BIO TOMATE BURBANK,"2,00 €"
TOMATE,BIO TOMATE TETON de VENUS...,"2,00 €"
TOMATE,BIO TOMATE NYAGOUS,"2,00 €"
TOMATE,BIO TOMATE BLACK OXHEART,"2,00 €"
TOMATE,BIO TOMATE COEUR DE BOEUF...,"2,20 €"
TOMATE,BIO TOMATE DÉLICE DES...,"2,00 €"
TOMATE,BIO TOMATE ORANGE QUEEN,"2,00 €"
TOMATE,BIO TOMATE LIGURIA,"2,00 €"
TOMATE,BIO TOMATE COEUR DE BOEUF -...,"1,90 €"
TOMATE,BIO TOMATE BRANDYWINE NOIRE,"2,00 €"
TOMATE,BIO TOMATE COEUR DE BOEUF...,"2,00 €"
TOMATE,BIO TOMATE HUNGARIAN HEART...,"2,00 €"
TOMATE,BIO TOMATE BROWN BERRY,"2,20 €"
TOMATE,BIO TOMATE GOLDEN SUNRISE,"2,00 €"
TOMATE,TOMATE GERMAN JOHNSON,"2,00 €"
TOMATE,BIO TOMATE CLEMENTINE,"2,00 €"
TOMATE,BIO TOMATE BLACK ZEBRA,"2,00 €"
TOMATE,BIO TOMATE PETIT COEUR DE...,"2,00 €"
TOMATE,BIO TOMATE OXHEART STRIEPED,"2,00 €"
TOMATE,BIO TOMATE SAN MARZANO,"2,00 €"
TOMATE,BIO TOMATE SAINT PIERRE,"2,00 €"
TOMATE,BIO TOMATE BRANDYWINE ROUGE,"2,00 €"
TOMATE,BIO TOMATE ROBIN,"2,20 €"
TOMATE,BIO TOMATE LANGUEDOCIENNE,"2,20 €"
TOMATE,BIO TOMATE ALLEMANDE DOREE,"2,90 €"
TOMATE,BIO TOMATE IDA GOLD,"3,00 €"
TOMATE,BIO TOMATE PECHE JAUNE,"2,00 €"
TOMATE,BIO TOMATE VOYAGE,"2,00 €"
TOMATE,BIO TOMATE EVERGREEN,"2,00 €"
TOMATE,BIO TOMATE RAISIN VERT,"2,00 €"
TOMATE,BIO TOMATE TETON de VENUS,"2,00 €"
TOMATE,BIO TOMATE COEUR de BOEUF...,"2,00 €"
TOMATE,BIO TOMATE PRINCE NOIR,"2,00 €"
TOMATE,BIO TOMATE PRUDEN'S PURPLE,"2,00 €"
TOMATE,BIO TOMATE LIME GREEN,"2,00 €"
TOMATE,BIO TOMATE COEUR DE BOEUF...,"2,90 €"
TOMATE,BIO TOMATE PRUNE NOIRE,"2,00 €"
TOMATE,BIO TOMATE POIRE ROUGE,"2,00 €"
TOMATE,BIO TOMATE PURPLE CALABASH,"2,00 €"
TOMATE,BIO TOMATE ANDINE CORNUE,"2,00 €"
TOMATE,BIO TOMATE ROSE de BERNE,"2,00 €"
TOMATE,BIO TOMATE TIGERELLA,"2,00 €"
TOMATE,TOMATE COEUR DE BOEUF -...,"1,76 €"
TOMATE,BIO TOMATE POIRE JAUNE...,"2,00 €"
TOMATE,BIO TOMATE ANANAS,"2,00 €"
TOMATE,BIO TOMATE BURPEE DELICIOUS,"2,20 €"
TOMATE,BIO TOMATE NOIRE DE CRIMEE,"2,00 €"
TOMATE,BIO TOMATE BRANDYWINE JAUNE,"2,50 €"
TOMATE,TOMATE SAN MARZANO,"1,85 €"
TOMATE,BIO TOMATE GREEN ZEBRA,"2,00 €"
TOMATE,BIO TOMATE INDIGO APPLE,"2,20 €"
TOMATE,BIO TOMATE GLACIER,"2,20 €"
TOMATE,BIO TOMATE ZUCKERTRAUBE,"2,00 €"
TOMATE,TOMATE MONEYMAKER,"1,60 €"
TOMATE,TOMATE SUNRAY,"1,80 €"
TOMATE,BIO TOMATE JAUNE SAINT VINCENT,"2,00 €"
TOMATE,BIO TOMATE IVORY EGG,"2,00 €"
TOMATE,TOMATE MARMANDE,"1,95 €"
TOMATE,BIO TOMATE DES GALAPAGOS,"2,00 €"
TOMATE,BIO TOMATE MORTGAGE LIFTER...,"2,00 €"
TOMATE,BIO TOMATE BRANDYWINE CHERRY,"2,00 €"
TOMATE,BIO TOMATE DEL PIENNOLO...,"2,00 €"
TOMATE,BIO TOMATE GREEN ENVY,"1,90 €"
TOMATE,BIO TOMATE SAINTE LUCIE,"2,00 €"
TOMATE,BIO TOMATE CHERRIOTS OF FIRE,"2,00 €"
TOMATE,BIO TOMATE OPALKA,"2,00 €"
TOMATE,BIO TOMATE ROSA DE BARBASTRO,"2,00 €"
TOMATE,BIO TOMATE WHITE TOMESOL,"2,00 €"
TOMATE,BIO TOMATE LUCID GEM,"2,00 €"
TOMATE,BIO TOMATE SNOWBERRY,"1,80 €"
TOMATE,TOMATE CERISE ROUGE,"1,80 €"
TOMATE,BIO TOMATE PRINCIPE BORGHESE,"2,00 €"
TOMATE,BIO TOMATE ANANAS NOIRE,"2,00 €"
TOMATE,BIO TOMATE MARMANDE,"1,90 €"
TOMATE,BIO TOMATE PETIT MOINEAU,"2,00 €"
TOMATE,BIO TOMATE CHEROKEE PURPLE,"2,00 €"
TOMATE,BIO TOMATE POIVRON JAUNE,"2,00 €"
TOMATE,BIO TOMATE BLUE CREAM BERRY,"2,00 €"
TOMATE,BIO TOMATE GREEN TIGER RONDE,"2,00 €"
TOMATE,BIO TOMATE DINNER PLATE,"2,00 €"
TOMATE,BIO TOMATE SOLDAKY,"2,00 €"
TOMATE,BIO TOMATE CASSANDRA,"2,00 €"
TOMATE,BIO TOMATE GOLDEN JUBILEE,"2,00 €"
TOMATE,BIO TOMATE GOLD NUGGET,"2,00 €"
TOMATE,BIO TOMATE COEUR DE BOEUF...,"2,00 €"
TOMATE,BIO TOMATE LONG KEEPER,"2,00 €"
TOMATE,BIO TOMATE FIAMMANTE,"2,00 €"
TOMATE,BIO TOMATE MONTFAVET,"2,00 €"
TOMATE,BIO TOMATE CLIMBING TRIP,"2,00 €"
TOMATE,TOMATE COSTOLUTO GENOVESE,"1,80 €"
TOMATE,BIO TOMATE OLENA UKRAINIAN,"2,00 €"
TOMATE,BIO TOMATE MICHAEL POLLAN,"2,00 €"
TOMATE,BIO TOMATE ORIGINALE DE ZURICH,"2,00 €"
TOMATE,BIO TOMATE NUITS AUSTRALES,"2,00 €"
TOMATE,BIO TOMATE MR STRIPEY,"2,00 €"
TOMATE,BIO TOMATE PRIMARY COLORS,"2,00 €"
TOMATE,BIO TOMATE SUB ARTIC PLENTY,"2,00 €"
TOMATE,BIO TOMATE SINIY,"2,00 €"
TOMATE,BIO TOMATE BÉDOUIN,"2,00 €"
TOMATE,BIO TOMATE ABSINTHE,"2,00 €"
TOMATE,BIO TOMATE BRANDYWINE JOYCE,"2,00 €"
TOMATE,BIO TOMATE COEUR DE BOEUF...,"2,00 €"
TOMATE,BIO TOMATE DE BARAO GOLD,"2,00 €"
TOMATE,BIO TOMATE DATLO,"2,00 €"
TOMATE,BIO TOMATE KERB,"2,00 €"
TOMATE,BIO TOMATE HAWAIIAN PINEAPPLE,"2,00 €"
TOMATE,BIO TOMATE MALAKHITOVAYA,"2,00 €"
TOMATE,BIO TOMATE OLGA'S BIGGEST,"2,00 €"
TOMATE,BIO TOMATE CRUSHED HEART,"2,00 €"
TOMATE,BIO TOMATE WHITE CHERRY,"2,00 €"
TOMATE,BIO TOMATE PINK THAÏ EGG,"2,00 €"
TOMATE,BIO TOMATE PLATE DU PORTUGAL,"2,00 €"
TOMATE,BIO TOMATE REINE DES HÂTIVES,"2,00 €"
TOMATE,BIO TOMATE COEUR DE BOEUF...,"2,00 €"
TOMATE,BIO TOMATE MORTGAGE LIFTER...,"2,00 €"
TOMATE,BIO TOMATE MARY ROBINSON,"2,00 €"
TOMATE,BIO TOMATE SOSULKA CHERNAYA,"2,00 €"
TOMATE,BIO TOMATE HOMS,"2,00 €"
TOMATE,BIO TOMATE BIG YELLOW ZEBRA,"2,00 €"
TOMATE,BIO TOMATE JOIE DE LA TABLE,"2,00 €"
TOMATE,BIO TOMATE LILLIAN'S YELLOW...,"2,00 €"
TOMATE,BIO TOMATE GREEN BELL PEPPER,"2,00 €"
TOMATE,BIO TOMATE CANESTRINO DI LUCCA,"2,00 €"
TOMATE,BIO TOMATE BLUSH TIGER,"2,00 €"
TOMATE,BIO TOMATE GOLDEN BUMBLE BEE,"2,00 €"
TOMATE,BIO TOMATE ZAPOTEC RIBBED,"2,00 €"
TOMATE,BIO TOMATE BLACK ZEBRA...,"1,90 €"
TOMATE,BIO TOMATE KAKI COING,"2,00 €"
TOMATE,BIO TOMATE GARNET,"2,00 €"
TOMATE,BIO TOMATE JAUNE DU CANADA,"2,00 €"
TOMATE,BIO TOMATE FRUITY YELLOW,"1,95 €"
TOMATE,BIO TOMATE YELLOW SCOTLAND,"2,00 €"
TOMATE,BIO TOMATE LUCKY TIGER,"2,00 €"
TOMATE,TOMATE GOLDENE KONIGIN,"1,90 €"
TOMATE,BIO TOMATE POTIRON ECARLATE,"2,00 €"
TOMATE,TOMATE RIO GRANDE,"1,80 €"
TOMATE,BIO TOMATE PAVI BACCATUM,"2,00 €"
TOMATE,BIO TOMATE PURPLE KOENIG,"2,00 €"
TOMATE,BIO TOMATE CORROGO,"2,00 €"
TOMATE,BIO TOMATE CHELLO,"2,00 €"
TOMATE,BIO TOMATE MORAO,"2,00 €"
TOMATE,BIO TOMATE ILDI,"1,80 €"
TOMATE,BIO TOMATE PLATENSE,"2,00 €"
TOMATE,BIO TOMATE ESTER HESS YELLOW,"2,00 €"
TOMATE,BIO TOMATE TRÈFLE DU TOGO,"2,00 €"
TOMATE,BIO TOMATE LIVINGSTON'S...,"2,00 €"
TOMATE,BIO TOMATE KOSCIUSKO,"2,00 €"
TOMATE,BIO TOMATE BLOODY BUTCHER,"2,00 €"
TOMATE,BIO TOMATE OPTIMUS,"2,00 €"
TOMATE,BIO TOMATE PILU,"2,00 €"
TOMATE,BIO TOMATE NAINE RUTHJE,"2,00 €"
TOMATE,BIO TOMATE NAPOLI ISCHIA,"2,00 €"
TOMATE,BIO TOMATE PINK BERKELEY...,"2,50 €"
TOMATE,BIO TOMATE ORANGE BANANA,"2,00 €"
TOMATE,BIO TOMATE BLUE BERRIES,"2,00 €"
TOMATE,BIO TOMATE BLACK FROM TULA,"2,10 €"
TOMATE,BIO TOMATE RED ZEBRA,"2,00 €"
TOMATE,BIO TOMATE OLIROSE,"2,00 €"
TOMATE,BIO TOMATE BEEFSTEAK,"2,00 €"
TOMATE,BIO TOMATE MONEYMAKER,"2,00 €"
TOMATE,TOMATE BEEFSTEAK,"1,80 €"
TOMATE,BIO TOMATE INDIGO BLUE BEAUTY,"2,00 €"
TOMATE,BIO TOMATE VALENCIA,"1,90 €"
TOMATE,BIO TOMATE PURPLE RUSSIAN,"2,00 €"
TOMATE,BIO TOMATE COPIA,"2,00 €"
TOMATE,BIO TOMATE CAPTAIN LUCKY,"2,00 €"
TOMATE,BIO TOMATE CHEROKEE CHOCOLATE,"2,20 €"
TOMATE,BIO TOMATE BLACK SEA MAN,"2,00 €"
TOMATE,BIO TOMATE GEANTE BELGE JAUNE,"2,00 €"
TOMATE,BIO TOMATE COSTOLUTO GENOVESE,"2,00 €"
TOMATE,BIO TOMATE ROMA ZÉBRÉE,"2,00 €"
TOMATE,BIO TOMATE GERMAN RED...,"2,00 €"
TOMATE,BIO TOMATE ROMAN CANDLE,"2,00 €"
TOMATE,BIO TOMATE PAUL ROBESON,"2,00 €"
TOMATE,BIO TOMATE OSU BLUE,"2,00 €"
TOMATE,BIO TOMATE RED CURRENT,"2,00 €"
TOMATE,BIO TOMATE ROMA,"1,90 €"
TOMATE,BIO TOMATE MERVEILLE DES...,"2,00 €"
TOMATE,BIO TOMATE GROSEILLE BLANCHE,"2,00 €"
TOMATE,BIO TOMATE PRECOCE de QUIMPER,"2,00 €"
TOMATE,BIO TOMATE CASAQUE ROUGE,"2,00 €"
TOMATE,BIO TOMATE CARO RICH,"2,00 €"
TOMATE,BIO TOMATE BRIN DE MUGUET,"2,00 €"
TOMATE,BIO TOMATE BARBANIAKA,"2,90 €"
TOMATE,BIO DUO TOMATE POIRE JAUNE...,"3,50 €"
TOMATE,BIO TOMATE ANNA RUSSE,"2,90 €"
TOMATE,BIO TOMATE CHAPERON ROUGE,"2,00 €"
TOMATE,BIO TOMATE GREEN DOCTOR'S...,"2,00 €"
TOMATE,BIO TOMATE INDIGO CHERRY DROPS,"2,00 €"
TOMATE,BIO TOMATE DE BARAO BLACK,"2,00 €"
TOMATE,BIO TOMATE MUCHAMIEL,"2,00 €"
TOMATE,BIO TOMATE COEUR DE PIGEON...,"2,00 €"
TOMATE,BIO TOMATE COUCOUGNETTE DE...,"2,00 €"
TOMATE,BIO TOMATE CITRINA,"2,00 €"
TOMATE,BIO TOMATE JAUNE DE THOUNE,"2,00 €"
TOMATE,BIO TOMATE BEAUTE BLANCHE,"2,00 €"
TOMATE,BIO TOMATE COEUR DE BOEUF...,"2,00 €"
TOMATE,BIO TOMATE COEUR DE BOEUF...,"2,00 €"
TOMATE,BIO TOMATE NEW ZEALAND PEAR,"2,00 €"
TOMATE,BIO TOMATE PIONEER,"2,00 €"
TOMATE,BIO TOMATE PINEAPPLE PIG,"2,00 €"
TOMATE,BIO TOMATE WIPPERSNAPPER,"1,90 €"
TOMATE,BIO TOMATE AMBROSIA,"2,00 €"
TOMATE,BIO TOMATE ORANGE BOURGOIN,"2,00 €"
TOMATE,BIO TOMATE CORSE,"2,00 €"
TOMATE,BIO TOMATE POLISH LINGUISA,"2,00 €"
TOMATE,BIO TOMATE ZLATAVA,"2,00 €"
TOMATE,BIO TOMATE COEUR de BOEUF...,"2,00 €"
TOMATE,BIO TOMATE FRAISE ORANGE,"2,00 €"
TOMATE,BIO TOMATE ALFMOON CHINA,"2,00 €"
TOMATE,BIO TOMATE BEAUTY KING,"2,00 €"
TOMATE,BIO TOMATE AMANA ORANGE,"2,00 €"
TOMATE,BIO TOMATE COEUR DE SURPRIZ,"2,00 €"
TOMATE,BIO TOMATE GERMAN HEAD,"2,00 €"
TOMATE,BIO TOMATE DOUCE DE PICARDIE,"2,00 €"
TOMATE,BIO TOMATE BORODINSKY,"2,00 €"
TOMATE,BIO TOMATE WATERMELON,"2,00 €"
TOMATE,BIO TOMATE ROI HUMBERT,"2,00 €"
TOMATE,BIO TOMATE AURIGA,"2,00 €"
TOMATE,TOMATE INDIGO PEAR DROPS,"2,40 €"
TOMATE,Bio Pack tomate TIGER + BUMBLE,"11,55 €"
TOMATE,Bio Pack tomate BUMBLE,"4,90 €"
TOMATE,Bio Pack tomate TIGER,"6,50 €"
TOMATE,BIO POIVRON TOMATE,"2,40 €"
TOMATE,TAMARILLO Tomate en Arbre,"2,00 €"
TOMATE,BIO TOMATE LITCHI - MORELLE...,"2,90 €"
TOMATE,TAMARILLO JAUNE TOMATE EN...,"2,00 €"
TOMATE,TRIO TOMATES ALLONGÉES,"4,90 €"
COURGETTE,COURGETTE BLANCHE DE SICILE,"2,00 €"
COURGETTE,COURGETTE RONDE DE NICE,"2,00 €"
COURGETTE,BIO COURGETTE POP CORN,"2,60 €"
COURGETTE,BIO COURGETTE STRAIGHTNECK,"2,20 €"
COURGETTE,BIO COURGETTE NIMBA,"2,50 €"
COURGETTE,COURGETTE VERTE DES MARAICHERS,"1,95 €"
COURGETTE,BIO COURGETTE ROMANESCO,"2,50 €"
COURGETTE,BIO COURGETTE GOLD RUSH,"2,50 €"
COURGETTE,BIO COURGETTE BLACK BEAUTY,"2,20 €"
COURGETTE,COURGETTE GRISE D'ALGER,"2,00 €"
COURGETTE,COURGETTE ROMANESCO,"2,30 €"
COURGETTE,COURGETTE BLACK BEAUTY,"1,90 €"
COURGETTE,BIO COURGETTE RONDE DE NICE,"2,20 €"
COURGETTE,COURGETTE COUTORS,"2,10 €"
COURGETTE,COURGETTE RONDE DI PIACENZA,"2,00 €"
COURGETTE,BIO COURGETTE GENOVESE,"2,40 €"
COURGETTE,BIO COURGETTE VERTE d'ITALIE,"2,00 €"
COURGETTE,BIO COURGETTE RONDE DI...,"2,20 €"
COURGETTE,COURGETTE VERTE D'ITALIE,"1,80 €"
COURGETTE,COURGETTE GENOVESE,"2,20 €"
CONCOMBRE,CONCOMBRE ARMENIEN,"2,00 €"
CONCOMBRE,BIO CONCOMBRE TANJA,"2,80 €"
CONCOMBRE,BIO CONCOMBRE MARKETMORE,"2,00 €"
CONCOMBRE,BIO CONCOMBRE CITRON,"2,30 €"
CONCOMBRE,CONCOMBRE MARKETMORE,"1,85 €"
CONCOMBRE,CONCOMBRE WHITE WONDER,"2,00 €"
CONCOMBRE,BIO CONCOMBRE BONO,"2,80 €"
CONCOMBRE,BIO CONCOMBRE LE GENEREUX,"2,10 €"
CONCOMBRE,CONCOMBRE MARKETER,"1,90 €"
CONCOMBRE,BIO CONCOMBRE ARMENIEN STRIÉ,"2,45 €"
CONCOMBRE,BIO CONCOMBRE LONG DE CHINE,"2,20 €"
CONCOMBRE,CONCOMBRE LONG DE CHINE,"2,00 €"
CONCOMBRE,CONCOMBRE A CONFIRE CUCAMELON,"2,00 €"
CONCOMBRE,CONCOMBRE LONG ANGLAIS,"1,81 €"
CONCOMBRE,CONCOMBRE TELEGRAPH,"1,95 €"
CONCOMBRE,CONCOMBRE DES ANTILLES LISO...,"2,30 €"
POIREAU,POIREAU MONSTRUEUX DE CARENTAN,"1,80 €"
POIREAU,POIREAU D'HIVER DE LIEGE,"1,60 €"
POIREAU,BIO POIREAU JAUNE GROS DU...,"3,00 €"
POIREAU,BIO POIREAU GÉANT D'HIVER...,"2,00 €"
POIREAU,BIO POIREAU D'ELBEUF,"3,20 €"
POIREAU,POIREAU FARINTO,"3,00 €"
POIREAU,POIREAU ELECTRA,"3,00 €"
POIREAU,POIREAU D'HIVER VIOLET DE...,"2,30 €"
POIREAU,BIO POIREAU MONSTRUEUX DE...,"2,50 €"
POIREAU,POIREAU LONG DE MÉZIÈRES,"1,60 €"
POIREAU,POIREAU GÉANT DE BULGARIE,"1,85 €"
POIREAU,POIREAU BLEU DE SOLAISE,"1,80 €"
POMME DE TERRE,BIO COURGE POMME D'OR,"2,40 €"
POMME DE TERRE,POMME CALEBASSE Passiflora...,"2,50 €"
LAITUE,LAITUE ICEBERG GREAT LAKE,"1,85 €"
LAITUE,BIO LAITUE ICEBERG GREAT LAKE,"2,00 €"
LAITUE,LAITUE FRISEE D'AMERIQUE,"1,60 €"
LAITUE,LAITUE SALAD BOWL ROUGE,"1,60 €"
LAITUE,LAITUE CIMMARON,"1,60 €"
LAITUE,LAITUE GROSSE BLONDE...,"1,60 €"
LAITUE,LAITUE BATAVIA DE PRINTEMPS,"1,60 €"
LAITUE,LAITUE TOM POUCE,"1,60 €"
LAITUE,BIO LAITUE SALAD BOWL ROUGE,"1,80 €"
LAITUE,BIO LAITUE BATAVIA CARMEN,"2,60 €"
LAITUE,LAITUE SUCRINE,"2,00 €"
LAITUE,LAITUE LOLLO ROSSA,"1,60 €"
LAITUE,BIO LAITUE LOLLO BIONDA,"2,00 €"
LAITUE,BIO LAITUE BLONDE MARAICHERE,"1,85 €"
LAITUE,LAITUE GOTTE JAUNE D'OR,"1,90 €"
LAITUE,BIO LAITUE LOLLO ROSSA,"2,00 €"
LAITUE,LAITUE ROUGE GRENOBLOISE,"1,80 €"
LAITUE,BIO LAITUE MERVEILLE DES 4...,"1,90 €"
LAITUE,LAITUE MERVEILLE DES 4 SAISONS,"1,52 €"
LAITUE,BIO LAITUE REINE DE MAI,"2,00 €"
LAITUE,LAITUE FEUILLE DE CHENE,"1,52 €"
LAITUE,LAITUE ROMAINE BLONDE...,"1,60 €"
LAITUE,LAITUE MERVEILLE D'HIVER,"1,60 €"
LAITUE,LAITUE LOLLO BIONDA,"1,81 €"
LAITUE,BIO LAITUE FEUILLE DE CHENE,"1,95 €"
LAITUE,LAITUE PARRIS ISLAND,"1,60 €"
LAITUE,BIO LAITUE SIMPSON A...,"2,20 €"
LAITUE,LAITUE POMMÉE APPIA,"2,10 €"
LAITUE,LAITUE REINE DE MAI,"1,60 €"
LAITUE,LAITUE PIERRE BENITE,"1,60 €"
LAITUE,LAITUE LANGUE DE CERF,"3,00 €"
LAITUE,BIO LAITUE ASPERGE CELTUCE,"2,90 €"
LAITUE,BASILIC FEUILLE DE LAITUE...,"1,50 €"
POTIMARRON,POTIMARRON BLUE KURI,"2,10 €"
POTIMARRON,BIO POTIMARRON UCHIKI KURI,"2,20 €"
POTIMARRON,BIO POTIMARRON VERT HOKKAIDO,"2,60 €"
POTIMARRON,POTIMARRON RED KURI,"1,95 €"
POTIMARRON,BIO POTIMARRON RED KURI,"2,20 €"
POTIMARRON,POTIMARRON UCHIKI KURI,"2,00 €"
BUTTERNUT,COURGE BUTTERNUT,"2,00 €"
BUTTERNUT,BIO COURGE BUTTERNUT,"2,20 €"
