Categorie,Legume,Prix
Carotte,Carotte rouge de saint valery,1.8
Carotte,Bio carotte touchon,2.1
Carotte,Bio carotte nantaise,2.0
Carotte,Carotte ronde marché de paris,1.8
Carotte,Carotte touchon,1.9
Carotte,Carotte atomic red,2.9
Carotte,Bio carotte rouge sang,2.2
Carotte,Bio carotte blanche de...,2.4
Carotte,Bio carotte ronde marché de...,2.3
Carotte,Carotte sucree d'amsterdam,1.8
Carotte,Carotte jaune du doubs,2.0
Carotte,Carotte chantenay a coeur...,1.8
Carotte,Carotte nantaise,1.81
Carotte,Bio carotte mélange couleurs,2.51
Carotte,Carotte noire pastenaga negra,2.0
Carotte,Bio carotte de colmar flakkee,1.95
Carotte,Bio carotte sucree d'amsterdam,2.1
Carotte,Bio carotte kuroda,1.95
Carotte,Carotte kuroda,1.8
Carotte,Carotte de colmar flakkee 2,1.8
Carotte,Carotte little finger,2.4
Carotte,Bio carotte berlicum,2.0
Carotte,Carotte berlicum 2,1.9
Carotte,Bio carotte jaune du doubs,2.2
Tomate,Bio tomate pink tiger,2.0
Tomate,Bio tomate green tiger,2.0
Tomate,Bio tomate de berao,2.0
Tomate,Bio tomate purple bumble bee,2.0
Tomate,Bio tomate pink bumble bee,2.0
Tomate,Bio tomate russe rose,2.0
Tomate,Bio tomate dorothy green,2.0
Tomate,Bio tomate royale des guineaux,2.0
Tomate,Bio tomate matina,2.0
Tomate,Bio tomate ponderosa rose,2.0
Tomate,Bio tomate indigo rose,2.0
Tomate,Tomate principe borghese,1.8
Tomate,Tomate cream sausage,1.9
Tomate,Bio tomate russe rouge,2.0
Tomate,Bio tomate cerise rouge,2.0
Tomate,Tomate saint pierre,1.8
Tomate,Bio tomate gregori altaï,2.0
Tomate,Bio tomate prune rouge,2.0
Tomate,Bio tomate miel du mexique,2.0
Tomate,Bio tomate black cherry,2.0
Tomate,Tomate banana legs,1.9
Tomate,Tomate tiny tim,2.0
Tomate,Tomate roma,1.7
Tomate,Bio tomate hillbilly,2.0
Tomate,Bio tomate japanese black...,2.0
Tomate,Bio tomate green sausage,2.0
Tomate,Bio tomate geante belge rose,2.0
Tomate,Bio tomate vintage wine,2.0
Tomate,Bio tomate chocolate stripes,2.0
Tomate,Bio tomate omars lebanese,2.2
Tomate,Bio tomate coeur de boeuf rose,2.0
Tomate,Tomate striped stuffer,2.0
Tomate,Bio tomate banana legs,2.0
Tomate,Bio tomate burbank,2.0
Tomate,Bio tomate teton de venus...,2.0
Tomate,Bio tomate nyagous,2.0
Tomate,Bio tomate black oxheart,2.0
Tomate,Bio tomate coeur de boeuf...,2.2
Tomate,Bio tomate délice des...,2.0
Tomate,Bio tomate orange queen,2.0
Tomate,Bio tomate liguria,2.0
Tomate,Bio tomate coeur de boeuf -...,1.9
Tomate,Bio tomate brandywine noire,2.0
Tomate,Bio tomate coeur de boeuf...,2.0
Tomate,Bio tomate hungarian heart...,2.0
Tomate,Bio tomate brown berry,2.2
Tomate,Bio tomate golden sunrise,2.0
Tomate,Tomate german johnson,2.0
Tomate,Bio tomate clementine,2.0
Tomate,Bio tomate black zebra,2.0
Tomate,Bio tomate petit coeur de...,2.0
Tomate,Bio tomate oxheart strieped,2.0
Tomate,Bio tomate san marzano,2.0
Tomate,Bio tomate saint pierre,2.0
Tomate,Bio tomate brandywine rouge,2.0
Tomate,Bio tomate robin,2.2
Tomate,Bio tomate languedocienne,2.2
Tomate,Bio tomate allemande doree,2.9
Tomate,Bio tomate ida gold,3.0
Tomate,Bio tomate peche jaune,2.0
Tomate,Bio tomate voyage,2.0
Tomate,Bio tomate evergreen,2.0
Tomate,Bio tomate raisin vert,2.0
Tomate,Bio tomate teton de venus,2.0
Tomate,Bio tomate coeur de boeuf...,2.0
Tomate,Bio tomate prince noir,2.0
Tomate,Bio tomate pruden's purple,2.0
Tomate,Bio tomate lime green,2.0
Tomate,Bio tomate coeur de boeuf...,2.9
Tomate,Bio tomate prune noire,2.0
Tomate,Bio tomate poire rouge,2.0
Tomate,Bio tomate purple calabash,2.0
Tomate,Bio tomate andine cornue,2.0
Tomate,Bio tomate rose de berne,2.0
Tomate,Bio tomate tigerella,2.0
Tomate,Tomate coeur de boeuf -...,1.76
Tomate,Bio tomate poire jaune...,2.0
Tomate,Bio tomate ananas,2.0
Tomate,Bio tomate burpee delicious,2.2
Tomate,Bio tomate noire de crimee,2.0
Tomate,Bio tomate brandywine jaune,2.5
Tomate,Tomate san marzano,1.85
Tomate,Bio tomate green zebra,2.0
Tomate,Bio tomate indigo apple,2.2
Tomate,Bio tomate glacier,2.2
Tomate,Bio tomate zuckertraube,2.0
Tomate,Tomate moneymaker,1.6
Tomate,Tomate sunray,1.8
Tomate,Bio tomate jaune saint vincent,2.0
Tomate,Bio tomate ivory egg,2.0
Tomate,Tomate marmande,1.95
Tomate,Bio tomate des galapagos,2.0
Tomate,Bio tomate mortgage lifter...,2.0
Tomate,Bio tomate brandywine cherry,2.0
Tomate,Bio tomate del piennolo...,2.0
Tomate,Bio tomate green envy,1.9
Tomate,Bio tomate sainte lucie,2.0
Tomate,Bio tomate cherriots of fire,2.0
Tomate,Bio tomate opalka,2.0
Tomate,Bio tomate rosa de barbastro,2.0
Tomate,Bio tomate white tomesol,2.0
Tomate,Bio tomate lucid gem,2.0
Tomate,Bio tomate snowberry,1.8
Tomate,Tomate cerise rouge,1.8
Tomate,Bio tomate principe borghese,2.0
Tomate,Bio tomate ananas noire,2.0
Tomate,Bio tomate marmande,1.9
Tomate,Bio tomate petit moineau,2.0
Tomate,Bio tomate cherokee purple,2.0
Tomate,Bio tomate poivron jaune,2.0
Tomate,Bio tomate blue cream berry,2.0
Tomate,Bio tomate green tiger ronde,2.0
Tomate,Bio tomate dinner plate,2.0
Tomate,Bio tomate soldaky,2.0
Tomate,Bio tomate cassandra,2.0
Tomate,Bio tomate golden jubilee,2.0
Tomate,Bio tomate gold nugget,2.0
Tomate,Bio tomate coeur de boeuf...,2.0
Tomate,Bio tomate long keeper,2.0
Tomate,Bio tomate fiammante,2.0
Tomate,Bio tomate montfavet,2.0
Tomate,Bio tomate climbing trip,2.0
Tomate,Tomate costoluto genovese,1.8
Tomate,Bio tomate olena ukrainian,2.0
Tomate,Bio tomate michael pollan,2.0
Tomate,Bio tomate originale de zurich,2.0
Tomate,Bio tomate nuits australes,2.0
Tomate,Bio tomate mr stripey,2.0
Tomate,Bio tomate primary colors,2.0
Tomate,Bio tomate sub artic plenty,2.0
Tomate,Bio tomate siniy,2.0
Tomate,Bio tomate bédouin,2.0
Tomate,Bio tomate absinthe,2.0
Tomate,Bio tomate brandywine joyce,2.0
Tomate,Bio tomate coeur de boeuf...,2.0
Tomate,Bio tomate de barao gold,2.0
Tomate,Bio tomate datlo,2.0
Tomate,Bio tomate kerb,2.0
Tomate,Bio tomate hawaiian pineapple,2.0
Tomate,Bio tomate malakhitovaya,2.0
Tomate,Bio tomate olga's biggest,2.0
Tomate,Bio tomate crushed heart,2.0
Tomate,Bio tomate white cherry,2.0
Tomate,Bio tomate pink thaï egg,2.0
Tomate,Bio tomate plate du portugal,2.0
Tomate,Bio tomate reine des hâtives,2.0
Tomate,Bio tomate coeur de boeuf...,2.0
Tomate,Bio tomate mortgage lifter...,2.0
Tomate,Bio tomate mary robinson,2.0
Tomate,Bio tomate sosulka chernaya,2.0
Tomate,Bio tomate homs,2.0
Tomate,Bio tomate big yellow zebra,2.0
Tomate,Bio tomate joie de la table,2.0
Tomate,Bio tomate lillian's yellow...,2.0
Tomate,Bio tomate green bell pepper,2.0
Tomate,Bio tomate canestrino di lucca,2.0
Tomate,Bio tomate blush tiger,2.0
Tomate,Bio tomate golden bumble bee,2.0
Tomate,Bio tomate zapotec ribbed,2.0
Tomate,Bio tomate black zebra...,1.9
Tomate,Bio tomate kaki coing,2.0
Tomate,Bio tomate garnet,2.0
Tomate,Bio tomate jaune du canada,2.0
Tomate,Bio tomate fruity yellow,1.95
Tomate,Bio tomate yellow scotland,2.0
Tomate,Bio tomate lucky tiger,2.0
Tomate,Tomate goldene konigin,1.9
Tomate,Bio tomate potiron ecarlate,2.0
Tomate,Tomate rio grande,1.8
Tomate,Bio tomate pavi baccatum,2.0
Tomate,Bio tomate purple koenig,2.0
Tomate,Bio tomate corrogo,2.0
Tomate,Bio tomate chello,2.0
Tomate,Bio tomate morao,2.0
Tomate,Bio tomate ildi,1.8
Tomate,Bio tomate platense,2.0
Tomate,Bio tomate ester hess yellow,2.0
Tomate,Bio tomate trèfle du togo,2.0
Tomate,Bio tomate livingston's...,2.0
Tomate,Bio tomate kosciusko,2.0
Tomate,Bio tomate bloody butcher,2.0
Tomate,Bio tomate optimus,2.0
Tomate,Bio tomate pilu,2.0
Tomate,Bio tomate naine ruthje,2.0
Tomate,Bio tomate napoli ischia,2.0
Tomate,Bio tomate pink berkeley...,2.5
Tomate,Bio tomate orange banana,2.0
Tomate,Bio tomate blue berries,2.0
Tomate,Bio tomate black from tula,2.1
Tomate,Bio tomate red zebra,2.0
Tomate,Bio tomate olirose,2.0
Tomate,Bio tomate beefsteak,2.0
Tomate,Bio tomate moneymaker,2.0
Tomate,Tomate beefsteak,1.8
Tomate,Bio tomate indigo blue beauty,2.0
Tomate,Bio tomate valencia,1.9
Tomate,Bio tomate purple russian,2.0
Tomate,Bio tomate copia,2.0
Tomate,Bio tomate captain lucky,2.0
Tomate,Bio tomate cherokee chocolate,2.2
Tomate,Bio tomate black sea man,2.0
Tomate,Bio tomate geante belge jaune,2.0
Tomate,Bio tomate costoluto genovese,2.0
Tomate,Bio tomate roma zébrée,2.0
Tomate,Bio tomate german red...,2.0
Tomate,Bio tomate roman candle,2.0
Tomate,Bio tomate paul robeson,2.0
Tomate,Bio tomate osu blue,2.0
Tomate,Bio tomate red current,2.0
Tomate,Bio tomate roma,1.9
Tomate,Bio tomate merveille des...,2.0
Tomate,Bio tomate groseille blanche,2.0
Tomate,Bio tomate precoce de quimper,2.0
Tomate,Bio tomate casaque rouge,2.0
Tomate,Bio tomate caro rich,2.0
Tomate,Bio tomate brin de muguet,2.0
Tomate,Bio tomate barbaniaka,2.9
Tomate,Bio duo tomate poire jaune...,3.5
Tomate,Bio tomate anna russe,2.9
Tomate,Bio tomate chaperon rouge,2.0
Tomate,Bio tomate green doctor's...,2.0
Tomate,Bio tomate indigo cherry drops,2.0
Tomate,Bio tomate de barao black,2.0
Tomate,Bio tomate muchamiel,2.0
Tomate,Bio tomate coeur de pigeon...,2.0
Tomate,Bio tomate coucougnette de...,2.0
Tomate,Bio tomate citrina,2.0
Tomate,Bio tomate jaune de thoune,2.0
Tomate,Bio tomate beaute blanche,2.0
Tomate,Bio tomate coeur de boeuf...,2.0
Tomate,Bio tomate coeur de boeuf...,2.0
Tomate,Bio tomate new zealand pear,2.0
Tomate,Bio tomate pioneer,2.0
Tomate,Bio tomate pineapple pig,2.0
Tomate,Bio tomate wippersnapper,1.9
Tomate,Bio tomate ambrosia,2.0
Tomate,Bio tomate orange bourgoin,2.0
Tomate,Bio tomate corse,2.0
Tomate,Bio tomate polish linguisa,2.0
Tomate,Bio tomate zlatava,2.0
Tomate,Bio tomate coeur de boeuf...,2.0
Tomate,Bio tomate fraise orange,2.0
Tomate,Bio tomate alfmoon china,2.0
Tomate,Bio tomate beauty king,2.0
Tomate,Bio tomate amana orange,2.0
Tomate,Bio tomate coeur de surpriz,2.0
Tomate,Bio tomate german head,2.0
Tomate,Bio tomate douce de picardie,2.0
Tomate,Bio tomate borodinsky,2.0
Tomate,Bio tomate watermelon,2.0
Tomate,Bio tomate roi humbert,2.0
Tomate,Bio tomate auriga,2.0
Tomate,Tomate indigo pear drops,2.4
Tomate,Bio poivron tomate,2.4
Tomate,Tamarillo tomate en arbre,2.0
Tomate,Bio tomate litchi - morelle...,2.9
Tomate,Tamarillo jaune tomate en...,2.0
Courgette,Courgette blanche de sicile,2.0
Courgette,Courgette ronde de nice,2.0
Courgette,Bio courgette pop corn,2.6
Courgette,Bio courgette straightneck,2.2
Courgette,Bio courgette nimba,2.5
Courgette,Courgette verte des maraichers,1.95
Courgette,Bio courgette romanesco,2.5
Courgette,Bio courgette gold rush,2.5
Courgette,Bio courgette black beauty,2.2
Courgette,Courgette grise d'alger,2.0
Courgette,Courgette romanesco,2.3
Courgette,Courgette black beauty,1.9
Courgette,Bio courgette ronde de nice,2.2
Courgette,Courgette coutors,2.1
Courgette,Courgette ronde di piacenza,2.0
Courgette,Bio courgette genovese,2.4
Courgette,Bio courgette verte d'italie,2.0
Courgette,Bio courgette ronde di...,2.2
Courgette,Courgette verte d'italie,1.8
Courgette,Courgette genovese,2.2
Concombre,Concombre armenien,2.0
Concombre,Bio concombre tanja,2.8
Concombre,Bio concombre marketmore,2.0
Concombre,Bio concombre citron,2.3
Concombre,Concombre marketmore,1.85
Concombre,Concombre white wonder,2.0
Concombre,Bio concombre bono,2.8
Concombre,Bio concombre le genereux,2.1
Concombre,Concombre marketer,1.9
Concombre,Bio concombre armenien strié,2.45
Concombre,Bio concombre long de chine,2.2
Concombre,Concombre long de chine,2.0
Concombre,Concombre a confire cucamelon,2.0
Concombre,Concombre long anglais,1.81
Concombre,Concombre telegraph,1.95
Concombre,Concombre des antilles liso...,2.3
Poireau,Poireau monstrueux de carentan,1.8
Poireau,Poireau d'hiver de liege,1.6
Poireau,Bio poireau jaune gros du...,3.0
Poireau,Bio poireau géant d'hiver...,2.0
Poireau,Bio poireau d'elbeuf,3.2
Poireau,Poireau farinto,3.0
Poireau,Poireau electra,3.0
Poireau,Poireau d'hiver violet de...,2.3
Poireau,Bio poireau monstrueux de...,2.5
Poireau,Poireau long de mézières,1.6
Poireau,Poireau géant de bulgarie,1.85
Poireau,Poireau bleu de solaise,1.8
Pomme de terre,Bio courge pomme d'or,2.4
Pomme de terre,Pomme calebasse passiflora...,2.5
Laitue,Laitue iceberg great lake,1.85
Laitue,Bio laitue iceberg great lake,2.0
Laitue,Laitue frisee d'amerique,1.6
Laitue,Laitue salad bowl rouge,1.6
Laitue,Laitue cimmaron,1.6
Laitue,Laitue grosse blonde...,1.6
Laitue,Laitue batavia de printemps,1.6
Laitue,Laitue tom pouce,1.6
Laitue,Bio laitue salad bowl rouge,1.8
Laitue,Bio laitue batavia carmen,2.6
Laitue,Laitue sucrine,2.0
Laitue,Laitue lollo rossa,1.6
Laitue,Bio laitue lollo bionda,2.0
Laitue,Bio laitue blonde maraichere,1.85
Laitue,Laitue gotte jaune d'or,1.9
Laitue,Bio laitue lollo rossa,2.0
Laitue,Laitue rouge grenobloise,1.8
Laitue,Bio laitue merveille des 4...,1.9
Laitue,Laitue merveille des 4 saisons,1.52
Laitue,Bio laitue reine de mai,2.0
Laitue,Laitue feuille de chene,1.52
Laitue,Laitue romaine blonde...,1.6
Laitue,Laitue merveille d'hiver,1.6
Laitue,Laitue lollo bionda,1.81
Laitue,Bio laitue feuille de chene,1.95
Laitue,Laitue parris island,1.6
Laitue,Bio laitue simpson a...,2.2
Laitue,Laitue pommée appia,2.1
Laitue,Laitue reine de mai,1.6
Laitue,Laitue pierre benite,1.6
Laitue,Laitue langue de cerf,3.0
Laitue,Bio laitue asperge celtuce,2.9
Laitue,Basilic feuille de laitue...,1.5
Potimarron,Potimarron blue kuri,2.1
Potimarron,Bio potimarron uchiki kuri,2.2
Potimarron,Bio potimarron vert hokkaido,2.6
Potimarron,Potimarron red kuri,1.95
Potimarron,Bio potimarron red kuri,2.2
Potimarron,Potimarron uchiki kuri,2.0
Butternut,Courge butternut,2.0
Butternut,Bio courge butternut,2.2
